Joshua	Collins
Andrea	Foster
Amy	Davis
Kelly	Thompson
Rebecca	Hall
Wanda	Wood
Norma	Cook
Daniel	Stewart
Judith	Phillips
Phyllis	Bell
Joe	Smith
Angela	Reed
Randy	Perez
Paula	Price
Todd	Adams
Tina	Cooper
Diane	Thomas
Linda	Barnes
Marilyn	Scott
Carlos	Allen
Chris	Parker
Timothy	Ramirez
Kathy	Sanchez
Lois	James
Jacqueline	Perry
Gregory	Alexander
Susan	Gray
Sharon	Nelson
Denise	Johnson
Carol	Richardson
Scott	Carter
Gerald	Taylor
Earl	Washington
Dennis	King
Edward	Miller
Doris	Griffin
Rachel	Peterson
Helen	Moore
Alice	Long
Carolyn	Walker
Ruby	Diaz
Rose	Hughes
Roy	Coleman
Roger	Russell
Anne	Anderson
John	Henderson
Diana	Evans
Nancy	Watson
Bruce	Wilson
Cynthia	Campbell
Lawrence	Lewis
Alan	Jackson
Evelyn	Harris
Donald	Clark
Karen	Martin
Matthew	Rogers
Ryan	Lopez
Johnny	Gonzales
Heather	Ward
Jean	Lee
Steve	Bryant
George	Ross
Laura	Mitchell
Ruth	Garcia
Sarah	Brown
Irene	Rodriguez
Christina	Brooks
Gloria	Bailey
Catherine	Robinson
Billy	Howard
Mark	Sanders
Stephanie	Jones
Justin	Edwards
Howard	Young
Ashley	Jenkins
Deborah	Patterson
Ronald	Bennett
Sandra	Kelly
Keith	Butler
Shirley	Murphy
Jennifer	Torres
Willie	Rivera
Kathleen	Morris
Jeremy	Morgan
Philip	Simmons
Marie	Roberts
Lillian	Hernandez
Arthur	Baker
Andrew	Williams
Peter	Martinez
Eric	Wright
Joseph	Cox
Elizabeth	Flores
Terry	Green
Robert	Turner
Jonathan	Hill
Charles	Gonzalez
Donna	White
Louis	Powell
Ralph