Joshua	Collins,13606bdf-aee1-4b87-8d92-06fed4b6f371
Joshua	Collins,5389a5fc-9c5b-46fa-8307-99577973aec2
Amy	Davis,efafaa9f-37ec-4f51-be7d-999f58e6823b
Amy	Davis,190cd277-c260-4dab-b379-5dce53812e59
Kelly	Thompson,f972c36e-e028-41d8-9961-bca38cd45e2d
Rebecca	Hall,7a46cc6f-a54d-4385-be60-46a18c437a3b
Rebecca	Hall,5389a5fc-9c5b-46fa-8307-99577973aec2
Rebecca	Hall,84698937-429c-4141-8752-8d8f36a7e98c
Daniel	Stewart,7823d7dd-725b-43cc-b5ac-09d9f7e5e3d3
Judith	Phillips,30e98b1d-ecb2-4fa6-b560-5b4b92cabee0
Judith	Phillips,b508a5f8-28f2-41c6-b0f7-eac918083062
Phyllis	Bell,53e9aad0-68e1-4d35-bfa7-5ef590738fbb
Phyllis	Bell,a992e955-7e99-438d-92dd-b9c84ddc7977
Joe	Smith,dfc8f1ac-35bd-4149-851f-4cbe01d50f0f
Joe	Smith,cbb309b7-1df1-4638-b821-48db53053d38
Joe	Smith,dabcca67-037c-4d11-afc4-69559edec4dc
Randy	Perez,f1db1c91-2aa5-4840-b9fa-9930c1c04e48
Randy	Perez,763e9347-73f1-48bc-8070-48d4de253412
Randy	Perez,a992e955-7e99-438d-92dd-b9c84ddc7977
Paula	Price,dfc8f1ac-35bd-4149-851f-4cbe01d50f0f
Todd	Adams,2d51bf33-ddc4-4e7d-904d-ba3f82f2ff0b
Todd	Adams,ed0989cb-2cf1-478f-adab-c1f2bac7b933
Tina	Cooper,180ec9b6-7f56-4bc2-badc-b272dc77f536
Tina	Cooper,b1369e1b-a968-41b0-a334-98de8d089a3f
Diane	Thomas,4fb877f5-bf36-402c-b871-c1dd9e54b7d4
Diane	Thomas,16a5ea8b-98ab-4732-bb67-9db0cdfe3d1c
Diane	Thomas,6f1f8b5d-a6ba-436f-a7bf-b6812d0f3a20
Linda	Barnes,2d51bf33-ddc4-4e7d-904d-ba3f82f2ff0b
Linda	Barnes,efe2fcae-a9c3-4ec6-8004-4029e48cf2a8
Marilyn	Scott,d936031f-51fa-45d8-b945-b52175106fc3
Marilyn	Scott,69f5a823-d89f-4486-981e-c8ea06e4c424
Marilyn	Scott,5ba07cb5-801e-41e8-aaa1-5b21ca01b172
Marilyn	Scott,7c16a991-cd4f-4421-8789-0f8763bc1176
Carlos	Allen,f73829b4-cf3f-41f1-a12c-e9f8a8e2e514
Carlos	Allen,f67a6fd4-4cab-4858-b26d-183a684e71e7
Carlos	Allen,64f78c2e-2692-4842-b904-bf6aeb3d9c68
Carlos	Allen,ce7028c7-7fc0-483e-bd52-756c74e08f35
Chris	Parker,d00508d5-365a-4689-8b3d-026d86b4a974
Chris	Parker,0ac7bf69-388a-48b0-a869-c3240031c4bf
Chris	Parker,17971059-aeb1-49da-b0a2-4100ede694e8
Chris	Parker,d556ab99-3064-4148-9c9f-3e3fb1e0c0f1
Timothy	Ramirez,d159622b-7928-4689-886e-5c73f90041de
Timothy	Ramirez,74b194c9-b9af-406f-bb76-0cd785a31683
Timothy	Ramirez,992737f2-3987-4c1b-9e0b-d608a882d98c
Timothy	Ramirez,d950f0db-1ece-4cc6-afd9-9c22eeba88a5
Kathy	Sanchez,2f09b2a9-0592-45e7-9d18-5f5102579287
Lois	James,b43325a0-b9f1-4eda-b457-f1cadf9fadd2
Jacqueline	Perry,cae073e6-f303-423c-b2bd-20ac3b8ace45
Jacqueline	Perry,13aa4fe5-a986-4ee0-ae59-058317c53035
Gregory	Alexander,4f43ac80-685c-470a-b164-2e1e4c446bbd
Gregory	Alexander,8b566f8b-d792-4ae5-a2e4-f1cea0471a0c
Gregory	Alexander,b2ed67ad-c323-4809-85b1-37caa2f158e9
Sharon	Nelson,429c7cdd-1cea-4c40-a8eb-615eb0045a2f
Sharon	Nelson,4354c064-146b-4c3c-8a36-57dec13aa054
Sharon	Nelson,db708ea6-b90e-4718-aff3-8260c7fd2822
Sharon	Nelson,832fdc74-0856-45b6-902c-15985248a114
Denise	Johnson,16a5ea8b-98ab-4732-bb67-9db0cdfe3d1c
Denise	Johnson,b8e135d2-b64f-4ea3-93e9-9f8d1245fb2a
Denise	Johnson,4d84ab8f-2625-4283-8474-617770604f93
Denise	Johnson,65a8e4f0-97b3-4430-9407-475b83552675
Scott	Carter,cae073e6-f303-423c-b2bd-20ac3b8ace45
Scott	Carter,e06ab188-412e-44a2-923b-e7b6c43ca44a
Scott	Carter,5389a5fc-9c5b-46fa-8307-99577973aec2
Scott	Carter,2f68d3ad-7282-4759-a21e-e8a557fee3c0
Gerald	Taylor,83305c5a-1bf7-4a3d-bab8-71b0b73fb83c
Earl	Washington,01302512-cd51-4a00-a687-080ddd4c8872
Earl	Washington,73532d21-b3f2-4ab4-8476-e0bf9bb1c492
Earl	Washington,8b566f8b-d792-4ae5-a2e4-f1cea0471a0c
Dennis	King,68136103-adfe-44ac-9cdb-bf2f8bbb26cb
Dennis	King,66b3f45c-4737-4616-b664-a9834903c476
Dennis	King,01302512-cd51-4a00-a687-080ddd4c8872
Edward	Miller,649fc3ce-d126-416d-b876-8e2cc6e58636
Helen	Moore,dfc8f1ac-35bd-4149-851f-4cbe01d50f0f
Carolyn	Walker,ceb1a839-cf20-45fc-94e8-67ac9c7c162b
Carolyn	Walker,6d20ebb3-2778-482b-be50-7bf771cbb8dd
Ruby	Diaz,ae5cd7f2-f4fe-49f3-8abe-95022f976416
Ruby	Diaz,e9f50c72-c3f8-4c9b-8e02-ea8a3e123922
Ruby	Diaz,dafbd1be-3dee-4d07-afa0-554908177246
Ruby	Diaz,25d31650-977c-4f0d-9de3-c30806a84cf9
Rose	Hughes,a1970634-2d18-48dc-9b4f-c2d61195f083
Rose	Hughes,072ecc51-03ec-4e84-b4fd-40273ddf96d2
Rose	Hughes,4f861439-270c-4903-a0d5-5fe3239da039
Roy	Coleman,b084f0c7-6234-4c90-b9d9-003719b3b627
Roy	Coleman,0f6cccf6-d14f-4c5e-9606-3a6ff372b08d
Roger	Russell,f94924fb-66ee-41d9-a27f-ac7f747d4de9
John	Henderson,4f43ac80-685c-470a-b164-2e1e4c446bbd
Diana	Evans,30e98b1d-ecb2-4fa6-b560-5b4b92cabee0
Diana	Evans,17f877b8-8273-4db0-9a5b-7c581cc1795f
Diana	Evans,3c08012b-415d-41ec-a969-dd35c851ef79
Diana	Evans,b8e135d2-b64f-4ea3-93e9-9f8d1245fb2a
Nancy	Watson,bd559740-6328-411c-8610-2ab6ccadf92c
Nancy	Watson,5ba07cb5-801e-41e8-aaa1-5b21ca01b172
Nancy	Watson,b73d07ce-1090-4799-b58d-640ed978e0f9
Nancy	Watson,91e82f24-8a6a-4fce-860e-1fb7b0c994c0
Bruce	Wilson,33eb5a8a-95a3-43a5-9326-1fc338d6d873
Bruce	Wilson,ee28328a-2bd2-4995-834d-5db04f3e4574
Bruce	Wilson,d556ab99-3064-4148-9c9f-3e3fb1e0c0f1
Bruce	Wilson,0699ced2-960f-4f06-8792-62f6c34b4e39
Cynthia	Campbell,3a6c18d8-bc56-418f-a390-e559f269d9c5
Cynthia	Campbell,b747da47-247c-4da8-8337-b4e05b46a0b0
Lawrence	Lewis,bad0bbda-1772-4547-85f5-851cbb122644
Alan	Jackson,4fb877f5-bf36-402c-b871-c1dd9e54b7d4
Alan	Jackson,429c7cdd-1cea-4c40-a8eb-615eb0045a2f
Alan	Jackson,a180e159-ece6-4a23-9a14-eafcaf19a35e
Evelyn	Harris,992737f2-3987-4c1b-9e0b-d608a882d98c
Evelyn	Harris,72071f81-f869-4a72-bfe7-c549d12b0974
Evelyn	Harris,3ee5951b-8a98-4529-810e-ff1a625b4477
Evelyn	Harris,7c334205-2a0c-4d24-8454-244c2990dc30
Karen	Martin,bd559740-6328-411c-8610-2ab6ccadf92c
Karen	Martin,2d51bf33-ddc4-4e7d-904d-ba3f82f2ff0b
Karen	Martin,ce8527ef-e99c-4d4f-aed5-2007ad5cddc2
Matthew	Rogers,667ae321-649e-4caa-b761-35e370c776b0
Matthew	Rogers,ff25ff96-ecfe-4396-81d3-ca73e71993ab
Matthew	Rogers,b4dddbf1-4193-4a67-ad67-f0b1b351be45
Johnny	Gonzales,65cf8dad-e999-4be4-b9bb-4feb06cdca0e
Johnny	Gonzales,4fb877f5-bf36-402c-b871-c1dd9e54b7d4
Heather	Ward,4f43ac80-685c-470a-b164-2e1e4c446bbd
Heather	Ward,cbb309b7-1df1-4638-b821-48db53053d38
Heather	Ward,74782993-f22d-438a-90ab-1048c49ddc1e
Heather	Ward,66b3f45c-4737-4616-b664-a9834903c476
Jean	Lee,efafaa9f-37ec-4f51-be7d-999f58e6823b
Jean	Lee,13606bdf-aee1-4b87-8d92-06fed4b6f371
Jean	Lee,ce7028c7-7fc0-483e-bd52-756c74e08f35
Steve	Bryant,667ae321-649e-4caa-b761-35e370c776b0
Steve	Bryant,ce8527ef-e99c-4d4f-aed5-2007ad5cddc2
George	Ross,0ac0c8a0-44d0-4512-ac34-a240a90cc8e5
George	Ross,b747da47-247c-4da8-8337-b4e05b46a0b0
George	Ross,91e82f24-8a6a-4fce-860e-1fb7b0c994c0
Laura	Mitchell,e9f50c72-c3f8-4c9b-8e02-ea8a3e123922
Laura	Mitchell,0ac0c8a0-44d0-4512-ac34-a240a90cc8e5
Ruth	Garcia,70bc182f-0e3d-42f4-8313-f6fc45416ffc
Ruth	Garcia,29813df1-6e8d-4796-8dec-f7596cf87171
Ruth	Garcia,66b3f45c-4737-4616-b664-a9834903c476
Irene	Rodriguez,01302512-cd51-4a00-a687-080ddd4c8872
Irene	Rodriguez,59d07525-b7ab-4cea-96b8-2abb839a4f12
Irene	Rodriguez,72071f81-f869-4a72-bfe7-c549d12b0974
Irene	Rodriguez,6be490f0-15bb-4ddd-9aa7-1ae97cec4feb
Christina	Brooks,b747da47-247c-4da8-8337-b4e05b46a0b0
Catherine	Robinson,9eeecd87-8ac2-4b7f-85e1-34fa16b0f882
Billy	Howard,83305c5a-1bf7-4a3d-bab8-71b0b73fb83c
Billy	Howard,4f861439-270c-4903-a0d5-5fe3239da039
Justin	Edwards,0d1c2b6d-6ee3-43af-9474-f3240c648d1f
Justin	Edwards,b747da47-247c-4da8-8337-b4e05b46a0b0
Justin	Edwards,072ecc51-03ec-4e84-b4fd-40273ddf96d2
Justin	Edwards,ce7028c7-7fc0-483e-bd52-756c74e08f35
Howard	Young,992737f2-3987-4c1b-9e0b-d608a882d98c
Howard	Young,0ac0c8a0-44d0-4512-ac34-a240a90cc8e5
Howard	Young,d00508d5-365a-4689-8b3d-026d86b4a974
Ashley	Jenkins,0f6cccf6-d14f-4c5e-9606-3a6ff372b08d
Ashley	Jenkins,af35bf20-bbcc-423f-8ffa-d6a0fa75d5bb
Ashley	Jenkins,af565e94-75db-4b5e-a052-aa6b6a114b06
Ronald	Bennett,c29b190b-6801-49ed-a101-6770525467c4
Ronald	Bennett,8dfc5242-232f-40e6-8960-953a57c032a9
Ronald	Bennett,13606bdf-aee1-4b87-8d92-06fed4b6f371
Ronald	Bennett,b9383787-e64d-47ec-90f2-9aee77f1db39
Sandra	Kelly,b9383787-e64d-47ec-90f2-9aee77f1db39
Sandra	Kelly,3a6c18d8-bc56-418f-a390-e559f269d9c5
Shirley	Murphy,30e98b1d-ecb2-4fa6-b560-5b4b92cabee0
Shirley	Murphy,a009804a-c8d6-4d72-8140-0fa4acff074a
Shirley	Murphy,db708ea6-b90e-4718-aff3-8260c7fd2822
Shirley	Murphy,a1970634-2d18-48dc-9b4f-c2d61195f083
Jennifer	Torres,97894005-26f9-4695-bcac-bb80eb28137a
Jennifer	Torres,25d31650-977c-4f0d-9de3-c30806a84cf9
Jennifer	Torres,4fb877f5-bf36-402c-b871-c1dd9e54b7d4
Willie	Rivera,de9a32c5-51f0-496b-955a-2e9bea203d2f
Willie	Rivera,c1f3ca2c-7008-4977-b2f8-7f7b2fd269cd
Willie	Rivera,af35bf20-bbcc-423f-8ffa-d6a0fa75d5bb
Kathleen	Morris,5389a5fc-9c5b-46fa-8307-99577973aec2
Kathleen	Morris,d159622b-7928-4689-886e-5c73f90041de
Kathleen	Morris,d950f0db-1ece-4cc6-afd9-9c22eeba88a5
Marie	Roberts,d159622b-7928-4689-886e-5c73f90041de
Marie	Roberts,5ad0f09b-fab8-4179-8cb4-cebe3c26da7e
Marie	Roberts,b508a5f8-28f2-41c6-b0f7-eac918083062
Marie	Roberts,2f68d3ad-7282-4759-a21e-e8a557fee3c0
Lillian	Hernandez,b4581244-3fc1-40dc-87bd-40adadc03a2e
Lillian	Hernandez,3fd23ed2-9c18-4292-aae4-0faced181980
Lillian	Hernandez,ce8527ef-e99c-4d4f-aed5-2007ad5cddc2
Lillian	Hernandez,b3903012-d19a-4b6a-bac0-56625e900b1c
Andrew	Williams,de00fb8e-630f-4e57-8365-98227c033f01
Peter	Martinez,072ecc51-03ec-4e84-b4fd-40273ddf96d2
Eric	Wright,2b7d5bca-bdcc-4d75-9901-155eebf9bb8c
Eric	Wright,2d51bf33-ddc4-4e7d-904d-ba3f82f2ff0b
Eric	Wright,4f43ac80-685c-470a-b164-2e1e4c446bbd
Eric	Wright,429c7cdd-1cea-4c40-a8eb-615eb0045a2f
Joseph	Cox,e9f50c72-c3f8-4c9b-8e02-ea8a3e123922
Joseph	Cox,832fdc74-0856-45b6-902c-15985248a114
Joseph	Cox,4f861439-270c-4903-a0d5-5fe3239da039
Elizabeth	Flores,b3903012-d19a-4b6a-bac0-56625e900b1c
Elizabeth	Flores,91e82f24-8a6a-4fce-860e-1fb7b0c994c0
Elizabeth	Flores,fa233f5c-c0c6-4281-94bd-00ebbe4ab290
Elizabeth	Flores,729b58ca-5902-4d93-8f4f-012d666d464d
Jonathan	Hill,832fdc74-0856-45b6-902c-15985248a114
Jonathan	Hill,6be490f0-15bb-4ddd-9aa7-1ae97cec4feb
Louis	Powell,33eb5a8a-95a3-43a5-9326-1fc338d6d873
Louis	Powell,e5d77e36-8f1c-4054-a11d-66925ec8632c
Louis	Powell,68136103-adfe-44ac-9cdb-bf2f8bbb26cb
Louis	Powell,0e3457f2-b9b0-4902-bfc9-014e12d8c21a
Ralph,0f6cccf6-d14f-4c5e-9606-3a6ff372b08d
Ralph,198f9523-4abd-48c8-b2b5-9d2186a7f82a
