Andrea	Foster,21ac3cd2-9c19-47c7-ad18-4bcad118870f
Andrea	Foster,223b936e-06b8-4970-abd9-4f123904d95d
Andrea	Foster,4a24953a-b84b-45b9-8dd3-37b9b91b5483
Andrea	Foster,d8a45b34-4cc0-42f4-957d-e13b37e9182e
Kelly	Thompson,d02df2f6-d80c-4274-bb6f-f062061655c4
Kelly	Thompson,e663eb09-04de-4f39-b871-35c6c2ed10b5
Rebecca	Hall,223b936e-06b8-4970-abd9-4f123904d95d
Rebecca	Hall,f3d6d6c1-3b3b-4dfc-a2a0-dcf38d258ae9
Rebecca	Hall,c53af417-294d-47e8-9ca0-bd6d0c4ac80c
Wanda	Wood,8ab2606d-1b1c-4b71-ab29-c6e0a687e9fd
Wanda	Wood,3f4b9be7-e000-41aa-bde2-83b9b13c8e35
Norma	Cook,e663eb09-04de-4f39-b871-35c6c2ed10b5
Norma	Cook,4a24953a-b84b-45b9-8dd3-37b9b91b5483
Norma	Cook,2b569ae2-9452-44f8-9c81-3c3afb6c3c25
Norma	Cook,f96452ba-28c5-493d-882a-085f89c274e2
Judith	Phillips,8ab2606d-1b1c-4b71-ab29-c6e0a687e9fd
Judith	Phillips,1ed6f37e-0a0c-47a6-830e-2b6d1496b045
Judith	Phillips,63e29bc8-c341-44a4-bc0e-1d3dc1714c13
Judith	Phillips,e663eb09-04de-4f39-b871-35c6c2ed10b5
Joe	Smith,4a24953a-b84b-45b9-8dd3-37b9b91b5483
Joe	Smith,fe4531e9-b5ea-4861-9309-3393a37f4acd
Joe	Smith,ff92eedc-f02e-48c7-9173-97eaa7fd70aa
Randy	Perez,ede84747-0116-45c2-accb-1dfe141c00ff
Randy	Perez,c465b42e-8c22-4dcb-9838-f6447393e28d
Paula	Price,2198cd87-b593-4989-879f-55b575ffcee9
Paula	Price,223b936e-06b8-4970-abd9-4f123904d95d
Todd	Adams,12510410-1eb3-4af0-844f-8a05be50b1c1
Tina	Cooper,223b936e-06b8-4970-abd9-4f123904d95d
Diane	Thomas,3de46aa8-120c-454f-b022-464a236f45ed
Linda	Barnes,a119aac3-81c7-4f8f-adb6-cca5449e9b6d
Linda	Barnes,118311ed-4b1b-4e75-bdc7-636f644de0c2
Marilyn	Scott,ede84747-0116-45c2-accb-1dfe141c00ff
Marilyn	Scott,21ac3cd2-9c19-47c7-ad18-4bcad118870f
Marilyn	Scott,34c26b6d-3b71-4ac7-98a3-5396221d9a5b
Marilyn	Scott,c53af417-294d-47e8-9ca0-bd6d0c4ac80c
Carlos	Allen,20cc5eca-8c63-4c41-8e8e-134dcf1e6d76
Chris	Parker,ffe316c8-c059-4ed6-a5c9-bc640afe4d0e
Chris	Parker,fe4531e9-b5ea-4861-9309-3393a37f4acd
Chris	Parker,e8f5b4e8-454e-488d-8b4a-b60ad02bce36
Timothy	Ramirez,5903f1d7-2240-4591-b970-33b32fe3be54
Timothy	Ramirez,3f35ccf5-a104-4edf-b1ca-4e0bd423615b
Timothy	Ramirez,2956273b-4271-44b5-9067-4ee0c106ec94
Timothy	Ramirez,a119aac3-81c7-4f8f-adb6-cca5449e9b6d
Kathy	Sanchez,ab806854-3c33-4008-a38d-a2bc71a8fc2c
Kathy	Sanchez,84d8bc6c-7d1d-4b36-8637-fda03082aaed
Kathy	Sanchez,995c82b4-6fd0-44de-b21c-20fdce9738d9
Lois	James,d02df2f6-d80c-4274-bb6f-f062061655c4
Lois	James,21ac3cd2-9c19-47c7-ad18-4bcad118870f
Lois	James,d78cf412-946d-4e27-8bc5-ebbd98454e1f
Jacqueline	Perry,21ac3cd2-9c19-47c7-ad18-4bcad118870f
Gregory	Alexander,c53af417-294d-47e8-9ca0-bd6d0c4ac80c
Gregory	Alexander,3f4b9be7-e000-41aa-bde2-83b9b13c8e35
Gregory	Alexander,303bd52b-020f-4744-87c5-8da38fffd738
Gregory	Alexander,8ecf07f5-3cae-4275-adfe-918d04439a1a
Susan	Gray,223b936e-06b8-4970-abd9-4f123904d95d
Sharon	Nelson,96de2bbb-1f9e-4303-abc8-4e29cc381f3d
Sharon	Nelson,de452a4c-a55c-464d-9037-8c3e9fe48365
Sharon	Nelson,d8a45b34-4cc0-42f4-957d-e13b37e9182e
Denise	Johnson,ede84747-0116-45c2-accb-1dfe141c00ff
Denise	Johnson,ede84747-0116-45c2-accb-1dfe141c00ff
Carol	Richardson,f96452ba-28c5-493d-882a-085f89c274e2
Carol	Richardson,42de3f98-ba1c-4572-a227-2e18d45239a5
Scott	Carter,3973a9b5-4ee7-44a9-aaba-24e6a4f23358
Gerald	Taylor,ede84747-0116-45c2-accb-1dfe141c00ff
Gerald	Taylor,9e9a5c50-b825-4f12-838f-1650943c2be1
Gerald	Taylor,ede84747-0116-45c2-accb-1dfe141c00ff
Earl	Washington,8ab2606d-1b1c-4b71-ab29-c6e0a687e9fd
Earl	Washington,3de46aa8-120c-454f-b022-464a236f45ed
Earl	Washington,42de3f98-ba1c-4572-a227-2e18d45239a5
Doris	Griffin,ede84747-0116-45c2-accb-1dfe141c00ff
Rachel	Peterson,303bd52b-020f-4744-87c5-8da38fffd738
Rachel	Peterson,ffe316c8-c059-4ed6-a5c9-bc640afe4d0e
Helen	Moore,8ab2606d-1b1c-4b71-ab29-c6e0a687e9fd
Carolyn	Walker,11de2bc1-368b-42ed-a207-aaff8ece752b
Rose	Hughes,d02df2f6-d80c-4274-bb6f-f062061655c4
Rose	Hughes,63e29bc8-c341-44a4-bc0e-1d3dc1714c13
Rose	Hughes,ffe316c8-c059-4ed6-a5c9-bc640afe4d0e
Rose	Hughes,e663eb09-04de-4f39-b871-35c6c2ed10b5
Roy	Coleman,bbadb233-84ea-4ae1-893f-deba67f1d5de
Roger	Russell,c465b42e-8c22-4dcb-9838-f6447393e28d
Anne	Anderson,e663eb09-04de-4f39-b871-35c6c2ed10b5
Anne	Anderson,16df8ada-87cc-4907-adce-a98bc4e91856
Anne	Anderson,63e29bc8-c341-44a4-bc0e-1d3dc1714c13
Anne	Anderson,89a6358e-27eb-4b9c-9f0d-befc4959f914
John	Henderson,ec730070-b187-4221-a4e5-af6de7c854b7
Diana	Evans,995c82b4-6fd0-44de-b21c-20fdce9738d9
Diana	Evans,d78cf412-946d-4e27-8bc5-ebbd98454e1f
Nancy	Watson,63e29bc8-c341-44a4-bc0e-1d3dc1714c13
Nancy	Watson,995c82b4-6fd0-44de-b21c-20fdce9738d9
Nancy	Watson,3f35ccf5-a104-4edf-b1ca-4e0bd423615b
Nancy	Watson,e663eb09-04de-4f39-b871-35c6c2ed10b5
Bruce	Wilson,63e29bc8-c341-44a4-bc0e-1d3dc1714c13
Bruce	Wilson,e663eb09-04de-4f39-b871-35c6c2ed10b5
Bruce	Wilson,426fa4e2-edee-4f54-93d1-af95d7f4aec8
Cynthia	Campbell,16df8ada-87cc-4907-adce-a98bc4e91856
Cynthia	Campbell,63e29bc8-c341-44a4-bc0e-1d3dc1714c13
Cynthia	Campbell,1170030b-9725-4bfe-8fb4-1b0eb81020d2
Cynthia	Campbell,e663eb09-04de-4f39-b871-35c6c2ed10b5
Lawrence	Lewis,8d84f6c6-8e7d-410e-a408-cbfb2555b35d
Alan	Jackson,96de2bbb-1f9e-4303-abc8-4e29cc381f3d
Alan	Jackson,a119aac3-81c7-4f8f-adb6-cca5449e9b6d
Evelyn	Harris,d78cf412-946d-4e27-8bc5-ebbd98454e1f
Evelyn	Harris,11de2bc1-368b-42ed-a207-aaff8ece752b
Evelyn	Harris,e663eb09-04de-4f39-b871-35c6c2ed10b5
Evelyn	Harris,32213dbc-2ec1-4579-a9c8-21afa2793bb6
Karen	Martin,93ee443e-cb39-424a-9aa4-1d16af813418
Karen	Martin,d78cf412-946d-4e27-8bc5-ebbd98454e1f
Karen	Martin,223b936e-06b8-4970-abd9-4f123904d95d
Karen	Martin,3f35ccf5-a104-4edf-b1ca-4e0bd423615b
Matthew	Rogers,93ee443e-cb39-424a-9aa4-1d16af813418
Ryan	Lopez,71b81fe0-23fc-4154-8601-ba987381594c
Ryan	Lopez,90ff981d-200e-4010-be0e-b7b00768fa50
Ryan	Lopez,d02df2f6-d80c-4274-bb6f-f062061655c4
Ryan	Lopez,426fa4e2-edee-4f54-93d1-af95d7f4aec8
Johnny	Gonzales,a119aac3-81c7-4f8f-adb6-cca5449e9b6d
Johnny	Gonzales,2956273b-4271-44b5-9067-4ee0c106ec94
Jean	Lee,e663eb09-04de-4f39-b871-35c6c2ed10b5
Jean	Lee,8ab2606d-1b1c-4b71-ab29-c6e0a687e9fd
Steve	Bryant,84d8bc6c-7d1d-4b36-8637-fda03082aaed
Steve	Bryant,89a6358e-27eb-4b9c-9f0d-befc4959f914
Steve	Bryant,11de2bc1-368b-42ed-a207-aaff8ece752b
Steve	Bryant,2501e49c-27da-42b0-9b15-280f48ce5540
George	Ross,a5e50799-fbd1-4aca-b3fa-22a6f6fa7aad
George	Ross,34c26b6d-3b71-4ac7-98a3-5396221d9a5b
George	Ross,ffe316c8-c059-4ed6-a5c9-bc640afe4d0e
George	Ross,23dc45c4-a1fe-4e31-8f61-9e3de65a0f47
Ruth	Garcia,42de3f98-ba1c-4572-a227-2e18d45239a5
Ruth	Garcia,134caa0a-21f7-451d-a7fe-30db31a424aa
Ruth	Garcia,12510410-1eb3-4af0-844f-8a05be50b1c1
Ruth	Garcia,b3d076cc-b150-4ccb-a93e-eca05d9ac2bf
Sarah	Brown,a65ed98a-6370-4791-bc29-602f1185e349
Irene	Rodriguez,84d8bc6c-7d1d-4b36-8637-fda03082aaed
Irene	Rodriguez,0b9f0100-ce5b-430f-ad8f-3363efa05481
Irene	Rodriguez,12510410-1eb3-4af0-844f-8a05be50b1c1
Christina	Brooks,e663eb09-04de-4f39-b871-35c6c2ed10b5
Christina	Brooks,d8a45b34-4cc0-42f4-957d-e13b37e9182e
Gloria	Bailey,995c82b4-6fd0-44de-b21c-20fdce9738d9
Gloria	Bailey,fa83e8c5-e83f-4488-bd93-7c8d0ba205c1
Gloria	Bailey,995c82b4-6fd0-44de-b21c-20fdce9738d9
Billy	Howard,3f4b9be7-e000-41aa-bde2-83b9b13c8e35
Billy	Howard,a972a30d-f766-4d68-a85d-392538b4ccf9
Mark	Sanders,e663eb09-04de-4f39-b871-35c6c2ed10b5
Stephanie	Jones,a5e50799-fbd1-4aca-b3fa-22a6f6fa7aad
Stephanie	Jones,e8f5b4e8-454e-488d-8b4a-b60ad02bce36
Stephanie	Jones,93ee443e-cb39-424a-9aa4-1d16af813418
Stephanie	Jones,4c9190e9-205b-4ff8-83dd-ee08cd63a04c
Justin	Edwards,d78cf412-946d-4e27-8bc5-ebbd98454e1f
Justin	Edwards,8ecf07f5-3cae-4275-adfe-918d04439a1a
Howard	Young,32213dbc-2ec1-4579-a9c8-21afa2793bb6
Howard	Young,8d84f6c6-8e7d-410e-a408-cbfb2555b35d
Deborah	Patterson,5903f1d7-2240-4591-b970-33b32fe3be54
Deborah	Patterson,2b569ae2-9452-44f8-9c81-3c3afb6c3c25
Deborah	Patterson,c465b42e-8c22-4dcb-9838-f6447393e28d
Deborah	Patterson,3f35ccf5-a104-4edf-b1ca-4e0bd423615b
Ronald	Bennett,d78cf412-946d-4e27-8bc5-ebbd98454e1f
Ronald	Bennett,fe4531e9-b5ea-4861-9309-3393a37f4acd
Sandra	Kelly,303bd52b-020f-4744-87c5-8da38fffd738
Keith	Butler,42de3f98-ba1c-4572-a227-2e18d45239a5
Keith	Butler,8d84f6c6-8e7d-410e-a408-cbfb2555b35d
Keith	Butler,71b81fe0-23fc-4154-8601-ba987381594c
Keith	Butler,2956273b-4271-44b5-9067-4ee0c106ec94
Shirley	Murphy,2198cd87-b593-4989-879f-55b575ffcee9
Jennifer	Torres,9a74e4c4-33b5-46d8-90d0-ea0615b1620f
Willie	Rivera,6a7bb976-6a39-493b-b38f-7f4d8120dd5d
Willie	Rivera,34c26b6d-3b71-4ac7-98a3-5396221d9a5b
Willie	Rivera,0b9f0100-ce5b-430f-ad8f-3363efa05481
Willie	Rivera,118311ed-4b1b-4e75-bdc7-636f644de0c2
Kathleen	Morris,c465b42e-8c22-4dcb-9838-f6447393e28d
Kathleen	Morris,63e29bc8-c341-44a4-bc0e-1d3dc1714c13
Kathleen	Morris,8ab2606d-1b1c-4b71-ab29-c6e0a687e9fd
Jeremy	Morgan,e8f5b4e8-454e-488d-8b4a-b60ad02bce36
Jeremy	Morgan,3f35ccf5-a104-4edf-b1ca-4e0bd423615b
Jeremy	Morgan,1170030b-9725-4bfe-8fb4-1b0eb81020d2
Jeremy	Morgan,118311ed-4b1b-4e75-bdc7-636f644de0c2
Philip	Simmons,62494370-3799-4165-838e-0ebaf42804c2
Philip	Simmons,8ab2606d-1b1c-4b71-ab29-c6e0a687e9fd
Lillian	Hernandez,e663eb09-04de-4f39-b871-35c6c2ed10b5
Lillian	Hernandez,63e29bc8-c341-44a4-bc0e-1d3dc1714c13
Lillian	Hernandez,c53af417-294d-47e8-9ca0-bd6d0c4ac80c
Lillian	Hernandez,0b9f0100-ce5b-430f-ad8f-3363efa05481
Arthur	Baker,fa83e8c5-e83f-4488-bd93-7c8d0ba205c1
Arthur	Baker,a65ed98a-6370-4791-bc29-602f1185e349
Andrew	Williams,ec730070-b187-4221-a4e5-af6de7c854b7
Andrew	Williams,2b569ae2-9452-44f8-9c81-3c3afb6c3c25
Andrew	Williams,2198cd87-b593-4989-879f-55b575ffcee9
Andrew	Williams,fe4531e9-b5ea-4861-9309-3393a37f4acd
Peter	Martinez,8d84f6c6-8e7d-410e-a408-cbfb2555b35d
Peter	Martinez,d02df2f6-d80c-4274-bb6f-f062061655c4
Peter	Martinez,3de46aa8-120c-454f-b022-464a236f45ed
Elizabeth	Flores,134caa0a-21f7-451d-a7fe-30db31a424aa
Terry	Green,d78cf412-946d-4e27-8bc5-ebbd98454e1f
Terry	Green,24f9654b-c542-4987-a6fc-7d5b6339e3c4
Terry	Green,3de46aa8-120c-454f-b022-464a236f45ed
Terry	Green,f3d6d6c1-3b3b-4dfc-a2a0-dcf38d258ae9
Robert	Turner,3de46aa8-120c-454f-b022-464a236f45ed
Robert	Turner,ab806854-3c33-4008-a38d-a2bc71a8fc2c
Robert	Turner,426fa4e2-edee-4f54-93d1-af95d7f4aec8
Robert	Turner,c465b42e-8c22-4dcb-9838-f6447393e28d
Jonathan	Hill,b3d076cc-b150-4ccb-a93e-eca05d9ac2bf
Jonathan	Hill,8ab2606d-1b1c-4b71-ab29-c6e0a687e9fd
Jonathan	Hill,a972a30d-f766-4d68-a85d-392538b4ccf9
Jonathan	Hill,63e29bc8-c341-44a4-bc0e-1d3dc1714c13
Charles	Gonzalez,a65ed98a-6370-4791-bc29-602f1185e349
Charles	Gonzalez,de452a4c-a55c-464d-9037-8c3e9fe48365
Charles	Gonzalez,16df8ada-87cc-4907-adce-a98bc4e91856
Charles	Gonzalez,21ac3cd2-9c19-47c7-ad18-4bcad118870f
Donna	White,e663eb09-04de-4f39-b871-35c6c2ed10b5
Donna	White,5903f1d7-2240-4591-b970-33b32fe3be54
Donna	White,84d8bc6c-7d1d-4b36-8637-fda03082aaed
Louis	Powell,8ecf07f5-3cae-4275-adfe-918d04439a1a
Louis	Powell,4a24953a-b84b-45b9-8dd3-37b9b91b5483
Louis	Powell,223b936e-06b8-4970-abd9-4f123904d95d
Ralph,8ecf07f5-3cae-4275-adfe-918d04439a1a
Ralph,a119aac3-81c7-4f8f-adb6-cca5449e9b6d
Ralph,2501e49c-27da-42b0-9b15-280f48ce5540
