Joshua	Collins,2e929ef4-8a00-472d-8ae6-a07e18237665
Andrea	Foster,19143822-3b11-407a-b3f7-7e98f6a1a024
Andrea	Foster,1baf179f-f137-4df4-95e5-f4bdc3aa5bcc
Andrea	Foster,ff9d1891-c53b-4041-8312-8ad346a74997
Amy	Davis,20ec7861-5251-40a7-9503-5ee3686a66a3
Amy	Davis,822e16a1-6a9f-4eb7-aa0d-c384e4baa29e
Amy	Davis,822e16a1-6a9f-4eb7-aa0d-c384e4baa29e
Amy	Davis,67a92276-1bb7-4648-aa63-6ef0f80124a8
Kelly	Thompson,f4fa1fba-e588-476d-a9c0-5100d071a1c7
Kelly	Thompson,9254dc77-886f-46b0-b2de-8bef109e86e5
Kelly	Thompson,67a92276-1bb7-4648-aa63-6ef0f80124a8
Kelly	Thompson,ff9d1891-c53b-4041-8312-8ad346a74997
Rebecca	Hall,c7c5b46f-3249-4f8c-8790-ed461472c55d
Rebecca	Hall,1baf179f-f137-4df4-95e5-f4bdc3aa5bcc
Rebecca	Hall,afe4962c-121b-46ae-a250-fcf55e56b984
Wanda	Wood,5f8739c0-00d8-4c75-9271-2b3592e75007
Wanda	Wood,4f8f572d-4cb3-4e1a-93f9-ae24e5733442
Norma	Cook,19143822-3b11-407a-b3f7-7e98f6a1a024
Norma	Cook,c7c5b46f-3249-4f8c-8790-ed461472c55d
Daniel	Stewart,9bf57ac9-8949-45d5-b2c0-838674494009
Daniel	Stewart,5f8739c0-00d8-4c75-9271-2b3592e75007
Daniel	Stewart,ff9d1891-c53b-4041-8312-8ad346a74997
Daniel	Stewart,822e16a1-6a9f-4eb7-aa0d-c384e4baa29e
Judith	Phillips,e0afb344-2839-43f5-8774-31619d34dcf5
Phyllis	Bell,9254dc77-886f-46b0-b2de-8bef109e86e5
Phyllis	Bell,d53ce770-ff0a-49a8-8e1c-65b1150b3d48
Joe	Smith,9bf57ac9-8949-45d5-b2c0-838674494009
Joe	Smith,8abc3cd9-1686-4864-9e4a-50159d2b4e2c
Joe	Smith,14a08a36-e9c7-4f3a-aeb1-f3e411c94a68
Angela	Reed,4d57184f-cb40-49ee-bf16-89eb82f6d335
Angela	Reed,4edebf4a-a4e7-4d68-82a3-63829b5f3bfb
Randy	Perez,3b17ba8d-e63c-4370-9c12-d1ff964d767a
Randy	Perez,61628091-8679-4db8-bc47-851c51784f32
Todd	Adams,4edebf4a-a4e7-4d68-82a3-63829b5f3bfb
Todd	Adams,67a92276-1bb7-4648-aa63-6ef0f80124a8
Todd	Adams,0d9f7ab0-c519-40b1-9083-bbe66032c6ec
Todd	Adams,d53ce770-ff0a-49a8-8e1c-65b1150b3d48
Tina	Cooper,e0afb344-2839-43f5-8774-31619d34dcf5
Tina	Cooper,3b17ba8d-e63c-4370-9c12-d1ff964d767a
Tina	Cooper,4edebf4a-a4e7-4d68-82a3-63829b5f3bfb
Tina	Cooper,9bf57ac9-8949-45d5-b2c0-838674494009
Diane	Thomas,acf093a0-c627-4ca7-9963-9cf1cc0c563e
Diane	Thomas,f4fa1fba-e588-476d-a9c0-5100d071a1c7
Diane	Thomas,1a8989b1-1544-40f0-8a41-d3280e2c65c8
Linda	Barnes,9ffaa6e5-4f31-41a6-bb62-3c994b326f98
Marilyn	Scott,acf093a0-c627-4ca7-9963-9cf1cc0c563e
Marilyn	Scott,67a92276-1bb7-4648-aa63-6ef0f80124a8
Marilyn	Scott,c7c5b46f-3249-4f8c-8790-ed461472c55d
Marilyn	Scott,6ad9d6ca-9a21-4f41-b8d7-410933606038
Carlos	Allen,8abc3cd9-1686-4864-9e4a-50159d2b4e2c
Carlos	Allen,acf093a0-c627-4ca7-9963-9cf1cc0c563e
Chris	Parker,822e16a1-6a9f-4eb7-aa0d-c384e4baa29e
Chris	Parker,c7c5b46f-3249-4f8c-8790-ed461472c55d
Timothy	Ramirez,c7c5b46f-3249-4f8c-8790-ed461472c55d
Timothy	Ramirez,0d9f7ab0-c519-40b1-9083-bbe66032c6ec
Timothy	Ramirez,4cda3c6a-c838-4a81-9656-a0aadeeb1eb8
Kathy	Sanchez,9254dc77-886f-46b0-b2de-8bef109e86e5
Kathy	Sanchez,fef407c5-746f-4734-9d5d-c2d2ab2e9712
Kathy	Sanchez,f4fa1fba-e588-476d-a9c0-5100d071a1c7
Lois	James,8abc3cd9-1686-4864-9e4a-50159d2b4e2c
Lois	James,51851e22-1eda-4bf5-bbcc-cde3f9a3a943
Lois	James,3b17ba8d-e63c-4370-9c12-d1ff964d767a
Lois	James,14a08a36-e9c7-4f3a-aeb1-f3e411c94a68
Jacqueline	Perry,51851e22-1eda-4bf5-bbcc-cde3f9a3a943
Jacqueline	Perry,0d9f7ab0-c519-40b1-9083-bbe66032c6ec
Sharon	Nelson,7592da9e-8844-429d-9f2b-0147dde29ff5
Sharon	Nelson,afe4962c-121b-46ae-a250-fcf55e56b984
Sharon	Nelson,9bf57ac9-8949-45d5-b2c0-838674494009
Denise	Johnson,acf093a0-c627-4ca7-9963-9cf1cc0c563e
Denise	Johnson,f4fa1fba-e588-476d-a9c0-5100d071a1c7
Denise	Johnson,2e929ef4-8a00-472d-8ae6-a07e18237665
Gerald	Taylor,4f8f572d-4cb3-4e1a-93f9-ae24e5733442
Gerald	Taylor,61628091-8679-4db8-bc47-851c51784f32
Gerald	Taylor,e119413a-516a-43f9-841c-ea1520042c39
Edward	Miller,19143822-3b11-407a-b3f7-7e98f6a1a024
Edward	Miller,2e929ef4-8a00-472d-8ae6-a07e18237665
Edward	Miller,4f8f572d-4cb3-4e1a-93f9-ae24e5733442
Doris	Griffin,f4fa1fba-e588-476d-a9c0-5100d071a1c7
Doris	Griffin,4edebf4a-a4e7-4d68-82a3-63829b5f3bfb
Doris	Griffin,9254dc77-886f-46b0-b2de-8bef109e86e5
Rachel	Peterson,fef407c5-746f-4734-9d5d-c2d2ab2e9712
Rachel	Peterson,4edebf4a-a4e7-4d68-82a3-63829b5f3bfb
Rachel	Peterson,4d57184f-cb40-49ee-bf16-89eb82f6d335
Helen	Moore,ea0ecd72-41f4-4ced-965c-c95204174048
Helen	Moore,afe4962c-121b-46ae-a250-fcf55e56b984
Alice	Long,19143822-3b11-407a-b3f7-7e98f6a1a024
Rose	Hughes,1a8989b1-1544-40f0-8a41-d3280e2c65c8
Roy	Coleman,8bd6eb5d-6f90-4d5c-b668-320699be7ce8
Roy	Coleman,9254dc77-886f-46b0-b2de-8bef109e86e5
Roger	Russell,d53ce770-ff0a-49a8-8e1c-65b1150b3d48
Roger	Russell,822e16a1-6a9f-4eb7-aa0d-c384e4baa29e
Roger	Russell,822e16a1-6a9f-4eb7-aa0d-c384e4baa29e
Anne	Anderson,e119413a-516a-43f9-841c-ea1520042c39
Anne	Anderson,e0afb344-2839-43f5-8774-31619d34dcf5
John	Henderson,14a08a36-e9c7-4f3a-aeb1-f3e411c94a68
Diana	Evans,6ad9d6ca-9a21-4f41-b8d7-410933606038
Diana	Evans,8abc3cd9-1686-4864-9e4a-50159d2b4e2c
Diana	Evans,afe4962c-121b-46ae-a250-fcf55e56b984
Diana	Evans,e0afb344-2839-43f5-8774-31619d34dcf5
Nancy	Watson,4cda3c6a-c838-4a81-9656-a0aadeeb1eb8
Nancy	Watson,3b17ba8d-e63c-4370-9c12-d1ff964d767a
Cynthia	Campbell,5f8739c0-00d8-4c75-9271-2b3592e75007
Cynthia	Campbell,c7c5b46f-3249-4f8c-8790-ed461472c55d
Cynthia	Campbell,4f8f572d-4cb3-4e1a-93f9-ae24e5733442
Lawrence	Lewis,7592da9e-8844-429d-9f2b-0147dde29ff5
Alan	Jackson,5f8739c0-00d8-4c75-9271-2b3592e75007
Alan	Jackson,1a8989b1-1544-40f0-8a41-d3280e2c65c8
Alan	Jackson,51851e22-1eda-4bf5-bbcc-cde3f9a3a943
Alan	Jackson,4edebf4a-a4e7-4d68-82a3-63829b5f3bfb
Evelyn	Harris,e119413a-516a-43f9-841c-ea1520042c39
Evelyn	Harris,8abc3cd9-1686-4864-9e4a-50159d2b4e2c
Evelyn	Harris,4d57184f-cb40-49ee-bf16-89eb82f6d335
Donald	Clark,6ad9d6ca-9a21-4f41-b8d7-410933606038
Donald	Clark,4f8f572d-4cb3-4e1a-93f9-ae24e5733442
Karen	Martin,9ffaa6e5-4f31-41a6-bb62-3c994b326f98
Karen	Martin,acf093a0-c627-4ca7-9963-9cf1cc0c563e
Karen	Martin,acf093a0-c627-4ca7-9963-9cf1cc0c563e
Karen	Martin,1baf179f-f137-4df4-95e5-f4bdc3aa5bcc
Matthew	Rogers,e0afb344-2839-43f5-8774-31619d34dcf5
Matthew	Rogers,1a8989b1-1544-40f0-8a41-d3280e2c65c8
Johnny	Gonzales,d45d552d-e957-44ef-a542-918f4c0ce9b9
Johnny	Gonzales,19143822-3b11-407a-b3f7-7e98f6a1a024
Johnny	Gonzales,0d9f7ab0-c519-40b1-9083-bbe66032c6ec
Johnny	Gonzales,1a8989b1-1544-40f0-8a41-d3280e2c65c8
Heather	Ward,20ec7861-5251-40a7-9503-5ee3686a66a3
Heather	Ward,e0afb344-2839-43f5-8774-31619d34dcf5
Heather	Ward,e0afb344-2839-43f5-8774-31619d34dcf5
Jean	Lee,e0afb344-2839-43f5-8774-31619d34dcf5
Jean	Lee,3b17ba8d-e63c-4370-9c12-d1ff964d767a
Steve	Bryant,e0afb344-2839-43f5-8774-31619d34dcf5
Steve	Bryant,7592da9e-8844-429d-9f2b-0147dde29ff5
Steve	Bryant,c7c5b46f-3249-4f8c-8790-ed461472c55d
George	Ross,acf093a0-c627-4ca7-9963-9cf1cc0c563e
George	Ross,19143822-3b11-407a-b3f7-7e98f6a1a024
Sarah	Brown,4edebf4a-a4e7-4d68-82a3-63829b5f3bfb
Sarah	Brown,ea0ecd72-41f4-4ced-965c-c95204174048
Sarah	Brown,19143822-3b11-407a-b3f7-7e98f6a1a024
Christina	Brooks,0d9f7ab0-c519-40b1-9083-bbe66032c6ec
Christina	Brooks,4d57184f-cb40-49ee-bf16-89eb82f6d335
Christina	Brooks,acf093a0-c627-4ca7-9963-9cf1cc0c563e
Gloria	Bailey,1baf179f-f137-4df4-95e5-f4bdc3aa5bcc
Gloria	Bailey,9254dc77-886f-46b0-b2de-8bef109e86e5
Gloria	Bailey,ff9d1891-c53b-4041-8312-8ad346a74997
Gloria	Bailey,51851e22-1eda-4bf5-bbcc-cde3f9a3a943
Catherine	Robinson,5f8739c0-00d8-4c75-9271-2b3592e75007
Catherine	Robinson,9254dc77-886f-46b0-b2de-8bef109e86e5
Catherine	Robinson,9ffaa6e5-4f31-41a6-bb62-3c994b326f98
Catherine	Robinson,20ec7861-5251-40a7-9503-5ee3686a66a3
Billy	Howard,f4fa1fba-e588-476d-a9c0-5100d071a1c7
Billy	Howard,ea0ecd72-41f4-4ced-965c-c95204174048
Billy	Howard,14a08a36-e9c7-4f3a-aeb1-f3e411c94a68
Billy	Howard,c7c5b46f-3249-4f8c-8790-ed461472c55d
Mark	Sanders,19143822-3b11-407a-b3f7-7e98f6a1a024
Stephanie	Jones,c7c5b46f-3249-4f8c-8790-ed461472c55d
Stephanie	Jones,e0afb344-2839-43f5-8774-31619d34dcf5
Stephanie	Jones,9bf57ac9-8949-45d5-b2c0-838674494009
Justin	Edwards,e0afb344-2839-43f5-8774-31619d34dcf5
Justin	Edwards,8bd6eb5d-6f90-4d5c-b668-320699be7ce8
Justin	Edwards,51851e22-1eda-4bf5-bbcc-cde3f9a3a943
Howard	Young,d45d552d-e957-44ef-a542-918f4c0ce9b9
Howard	Young,ff9d1891-c53b-4041-8312-8ad346a74997
Howard	Young,822e16a1-6a9f-4eb7-aa0d-c384e4baa29e
Ashley	Jenkins,6ad9d6ca-9a21-4f41-b8d7-410933606038
Deborah	Patterson,822e16a1-6a9f-4eb7-aa0d-c384e4baa29e
Deborah	Patterson,19143822-3b11-407a-b3f7-7e98f6a1a024
Deborah	Patterson,20ec7861-5251-40a7-9503-5ee3686a66a3
Deborah	Patterson,afe4962c-121b-46ae-a250-fcf55e56b984
Ronald	Bennett,8bd6eb5d-6f90-4d5c-b668-320699be7ce8
Ronald	Bennett,d45d552d-e957-44ef-a542-918f4c0ce9b9
Sandra	Kelly,5f8739c0-00d8-4c75-9271-2b3592e75007
Sandra	Kelly,9254dc77-886f-46b0-b2de-8bef109e86e5
Sandra	Kelly,4d57184f-cb40-49ee-bf16-89eb82f6d335
Keith	Butler,fef407c5-746f-4734-9d5d-c2d2ab2e9712
Shirley	Murphy,14a08a36-e9c7-4f3a-aeb1-f3e411c94a68
Shirley	Murphy,ea0ecd72-41f4-4ced-965c-c95204174048
Shirley	Murphy,20ec7861-5251-40a7-9503-5ee3686a66a3
Shirley	Murphy,d45d552d-e957-44ef-a542-918f4c0ce9b9
Jennifer	Torres,7592da9e-8844-429d-9f2b-0147dde29ff5
Jennifer	Torres,f4fa1fba-e588-476d-a9c0-5100d071a1c7
Willie	Rivera,9ffaa6e5-4f31-41a6-bb62-3c994b326f98
Willie	Rivera,4edebf4a-a4e7-4d68-82a3-63829b5f3bfb
Jeremy	Morgan,9254dc77-886f-46b0-b2de-8bef109e86e5
Jeremy	Morgan,1a8989b1-1544-40f0-8a41-d3280e2c65c8
Jeremy	Morgan,afe4962c-121b-46ae-a250-fcf55e56b984
Philip	Simmons,9ffaa6e5-4f31-41a6-bb62-3c994b326f98
Philip	Simmons,5f8739c0-00d8-4c75-9271-2b3592e75007
Marie	Roberts,9bf57ac9-8949-45d5-b2c0-838674494009
Marie	Roberts,7592da9e-8844-429d-9f2b-0147dde29ff5
Marie	Roberts,3b17ba8d-e63c-4370-9c12-d1ff964d767a
Marie	Roberts,0d9f7ab0-c519-40b1-9083-bbe66032c6ec
Arthur	Baker,8bd6eb5d-6f90-4d5c-b668-320699be7ce8
Arthur	Baker,4cda3c6a-c838-4a81-9656-a0aadeeb1eb8
Arthur	Baker,ea0ecd72-41f4-4ced-965c-c95204174048
Arthur	Baker,c7c5b46f-3249-4f8c-8790-ed461472c55d
Peter	Martinez,51851e22-1eda-4bf5-bbcc-cde3f9a3a943
Peter	Martinez,9254dc77-886f-46b0-b2de-8bef109e86e5
Joseph	Cox,67a92276-1bb7-4648-aa63-6ef0f80124a8
Joseph	Cox,d53ce770-ff0a-49a8-8e1c-65b1150b3d48
Joseph	Cox,fef407c5-746f-4734-9d5d-c2d2ab2e9712
Elizabeth	Flores,67a92276-1bb7-4648-aa63-6ef0f80124a8
Elizabeth	Flores,4f8f572d-4cb3-4e1a-93f9-ae24e5733442
Terry	Green,8bd6eb5d-6f90-4d5c-b668-320699be7ce8
Terry	Green,51851e22-1eda-4bf5-bbcc-cde3f9a3a943
Robert	Turner,4f8f572d-4cb3-4e1a-93f9-ae24e5733442
Jonathan	Hill,7592da9e-8844-429d-9f2b-0147dde29ff5
Charles	Gonzalez,6ad9d6ca-9a21-4f41-b8d7-410933606038
Charles	Gonzalez,67a92276-1bb7-4648-aa63-6ef0f80124a8
Donna	White,d53ce770-ff0a-49a8-8e1c-65b1150b3d48
Donna	White,fef407c5-746f-4734-9d5d-c2d2ab2e9712
Donna	White,67a92276-1bb7-4648-aa63-6ef0f80124a8
Donna	White,6ad9d6ca-9a21-4f41-b8d7-410933606038
Louis	Powell,2e929ef4-8a00-472d-8ae6-a07e18237665
Louis	Powell,9ffaa6e5-4f31-41a6-bb62-3c994b326f98
Louis	Powell,9bf57ac9-8949-45d5-b2c0-838674494009
Louis	Powell,fef407c5-746f-4734-9d5d-c2d2ab2e9712
Ralph,9ffaa6e5-4f31-41a6-bb62-3c994b326f98
